Position,Company,Location,URL
라인프렌즈 2022년 각 부문 수시의 전체 세부 정보,라인프렌즈,('서울 용산구', {'https://kr.indeed.com/rc/clk?jk=1015284880e2ff62&fccid=b6f22bcb6078a2c4&vjs=3'})
한국필립모리스 2022년 상반기 수시의 전체 세부 정보,한국필립모리스㈜,('서울 영등포구', {'https://kr.indeed.com/rc/clk?jk=44e9ac7f0f94e784&fccid=fb7e65f74b012d18&vjs=3'})
INTERN / AI Research Intern(Biology)의 전체 세부 정보,카카오브레인,('성남 분당구', {'https://kr.indeed.com/rc/clk?jk=4c8d6ffc493b6509&fccid=cba3dd38afc6edb8&vjs=3'})
[K디지털 트레이닝] 전액 국비지원 IT취업연계 교육 빅데이터  인공지능의 전체 세부 정보,중앙정보처리학원,('서울 마포구', {'https://kr.indeed.com/rc/clk?jk=8eb2784e62502c5f&fccid=2f25bb139639ef63&vjs=3'})
[데브시스터즈] DevOps Engineer (신입)의 전체 세부 정보,데브시스터즈,('서울 강남구', {'https://kr.indeed.com/rc/clk?jk=3058f7280a2e6644&fccid=58a9a803698a0afd&vjs=3'})
GAMMA Senior Data Scientist의 전체 세부 정보,Boston Consulting Group,('서울', {'https://kr.indeed.com/pagead/clk?mo=r&ad=-6NYlbfkN0DoP8nG612n6SaIo-6cBFZ4ajKscvbmOmjTSQxsFZrL9GCCvt0keq5zCI5jB2sD5HleHgBWmG_CeYZ0RY06NciXhMtmO1vztqC-dYFYE31O7jagrq4L6A2QNRRN3eyvnSKB6wObW4s8KKyHNsK5DlI2WdGsIFF09rbOPR2J4XryzUzidA1s_ovOWUDc8SW4wFOFSRjD-1WF0-ay7jProteB3CkuJ39eLDIXkN2VkcFtN64qBfzBaJQX6z_Gv6uGh4_7F7Ay1fO_02dfk4VG0FeVnyd3xpQHPDoITEKOAn7N0F3SETOdqlcFKChmo0-OJytK_4lYYUnGzYuZZKDs-OGaFOmeYWwijjJUx6-zO9dO_NyVzX11aUH5TFGAllgMa4-rXEBumpERkP89Qwatdd5PPn86gMvFr5iuBU7HHSsBGiO0JT9MSW2nrS0quFJ-Xtvid-z36NqafJ4ar9x26MzzgSLv184S7IYr1Eytn3bQ_Gn-yh88w_am10DGHb4pcbMqcK8iYwBK7ZYlLgo2xyLBJvGT5of3hlsMVlGrFg11jAyVrDXyCPqtLbCi-MLoLCz9ykQZ8D8e1QFFtvDkrQ5YyL1BXhCPL1fDiXn4DyxZsI_6o87M-nC7hjo2iCOC__ymeo4sSP7R4sf1KntGKi8cPPx4ZBaI1mD7A-3fBrzVPReO8bmfHatPyLFsudkqshk8zR5dvQx38bi9BDWJ-lre_3SH7FL3FlNZrkd1k_jez6_AiOXhS9gywQLofl75z2wKFZKkeZymU7SH2t5HSOrSfIK0IIy4rh3mp3iuCB0X5fbv4TTDqLMofd0f30qR2JV6qlcHpC0vAfdbPIQQdpzGrFtQK5uP6lk-Ct4O941aanNCjrL76U3UKrUN7W13WEqWoW4cckKN3VAaFzf4aJpHD6X12h9OjcfOcCiHSm0AQ7x0KClnBYcwDZq4-EpZ7BwzhRvtSkqDFJD7-__MsJ0mrRyWNtAyqnqwCJla8TB3ROkyAK2tbOFBMuy8jDY_pGX_iKQGh4RKzsq2faiqpq0r2u3AgtWcievPlPr-h_e7Y041X5dkmtShRTIMSU89UUxKYDo8oZJgLKLiMWDKhhDW2vcKXAAVW4i98TSpyt2TffLYa_PI604A&xkcb=SoDk-_M3UV7Iq3VVcp0JbzkdCdPP&p=5&fvj=0&vjs=3'})
KB저축은행 경력직의 전체 세부 정보,KB저축은행,('서울 송파구', {'https://kr.indeed.com/rc/clk?jk=e531b39ecff23e22&fccid=a638644439b34cff&vjs=3'})
[신입]백엔드 개발자의 전체 세부 정보,엘리스,('서울 강남구', {'https://kr.indeed.com/rc/clk?jk=6b5d1196de52155f&fccid=b00d4b329a5fe2ac&vjs=3'})
그룹공동 마이데이터 분석 플랫폼(데이터분석가)의 전체 세부 정보,KB데이타시스템,('서울 마포구', {'https://kr.indeed.com/rc/clk?jk=25b3c3e6a66bd77c&fccid=fe227fbd2afb9580&vjs=3'})
백엔드 개발자(Python)의 전체 세부 정보,NHN DATA,('성남 판교역', {'https://kr.indeed.com/rc/clk?jk=e764b919165b8d3e&fccid=a72ebaf825acf7af&vjs=3'})
딥러닝 통한 인공지능 솔루션 신입/경력 개발자의 전체 세부 정보,엘세븐시큐리티,('서울 송파구', {'https://kr.indeed.com/rc/clk?jk=972c302b4b4cb1df&fccid=72880ee98034ba13&vjs=3'})
통계·SAS 신입의 전체 세부 정보,에넬엑스코리아 유한회사,('서울 중구', {'https://kr.indeed.com/rc/clk?jk=480348bb5469fc98&fccid=894b956e02cfcab7&vjs=3'})
Associate Consultant Intern의 전체 세부 정보,Mastercard,('서울', {'https://kr.indeed.com/rc/clk?jk=acf53a07a0c4d06f&fccid=10b5c722d846df43&vjs=3'})
[외국계 스타트업 미소] Business Analyst Intern (정규직 전환형)의 전체 세부 정보,유한회사 미소,('서울', {'https://kr.indeed.com/rc/clk?jk=4c25d6649f8434a8&fccid=02936474a8d39137&vjs=3'})
Infra Engineering의 전체 세부 정보,기아,('서울 서초구', {'https://kr.indeed.com/rc/clk?jk=361d42ddd7495b1d&fccid=4407ef3f1668028b&vjs=3'})
라인프렌즈 2022년 각 부문 수시의 전체 세부 정보,라인프렌즈,('서울 용산구', {'https://kr.indeed.com/rc/clk?jk=1015284880e2ff62&fccid=b6f22bcb6078a2c4&vjs=3'})
한국필립모리스 2022년 상반기 수시의 전체 세부 정보,한국필립모리스㈜,('서울 영등포구', {'https://kr.indeed.com/rc/clk?jk=44e9ac7f0f94e784&fccid=fb7e65f74b012d18&vjs=3'})
INTERN / AI Research Intern(Biology)의 전체 세부 정보,카카오브레인,('성남 분당구', {'https://kr.indeed.com/rc/clk?jk=4c8d6ffc493b6509&fccid=cba3dd38afc6edb8&vjs=3'})
[K디지털 트레이닝] 전액 국비지원 IT취업연계 교육 빅데이터  인공지능의 전체 세부 정보,중앙정보처리학원,('서울 마포구', {'https://kr.indeed.com/rc/clk?jk=8eb2784e62502c5f&fccid=2f25bb139639ef63&vjs=3'})
[데브시스터즈] DevOps Engineer (신입)의 전체 세부 정보,데브시스터즈,('서울 강남구', {'https://kr.indeed.com/rc/clk?jk=3058f7280a2e6644&fccid=58a9a803698a0afd&vjs=3'})
KB저축은행 경력직의 전체 세부 정보,KB저축은행,('서울 송파구', {'https://kr.indeed.com/rc/clk?jk=e531b39ecff23e22&fccid=a638644439b34cff&vjs=3'})
[신입]백엔드 개발자의 전체 세부 정보,엘리스,('서울 강남구', {'https://kr.indeed.com/rc/clk?jk=6b5d1196de52155f&fccid=b00d4b329a5fe2ac&vjs=3'})
그룹공동 마이데이터 분석 플랫폼(데이터분석가)의 전체 세부 정보,KB데이타시스템,('서울 마포구', {'https://kr.indeed.com/rc/clk?jk=25b3c3e6a66bd77c&fccid=fe227fbd2afb9580&vjs=3'})
DigitalBCG | GAMMA Senior Data Scientist의 전체 세부 정보,Boston Consulting Group,('서울', {'https://kr.indeed.com/pagead/clk?mo=r&ad=-6NYlbfkN0DoP8nG612n6SaIo-6cBFZ4ajKscvbmOmjTSQxsFZrL9GCCvt0keq5zCI5jB2sD5HmOk6bBdE28lftUtaf23iDJrDAoI1nNE6KoHUWZH-mT8ohzioq5hLy-8sMiBMOXNZH7ubJJClH4kiMhYq5IoaCBGkVhxPMAp-39eToMdFiM30x7OSB-6aVq9lwiaSHBpVKdpvtdGY-fEtecUBZ-3QlSbvTz5nA08V5qHiuUfUgGNJYlcjKEPAKQnAl6x5OfmUmN4aiVgMG3-lTMqfGRFJPvLNZgu7W2JCBWJJiFIEJX65ABRibrJ6LFuaWX2hk76jiWIGbAFVIJMNDO_OXDsTmy9FDCXdmJ-2XznuIliuL4vfqGt0qAtsCEFC0wAtG2ucNJGugH6E4TIiCwOxYXHLsEMsMoDSNs12sAr2nBK4k2pb4XsMdZIn4rVWjFRuI3sxtG2ThZ4vsISA-1IS0X7tFLS0SsKbvTahYHsdKBR8BuVpW_nvJzLdclqLy18E87FnJMfRi8pJhHzqGEFTT2HQT0U60ez1Z6HO8UD-g2KrPZRI42zYSCGGe4n2Gm308aRLSaoCpvTKj58hnXHcKTjOVoO8-sPn8SbZXPqPdi3pL4m1f7sCHJ1A4vePrdKa-_n21MB0jhkay0awrZsT9FfUfto6k41uXHGc8wXbYvHNePRc33dGJ4so6AoBG5YM1rIYcrY-b6NzgRTpGApF51niL0B1C1CkqQx_Sb5j2ywxnB1nYXPOpy7ArlKd7hBWgjxkRCquZdLMOe0N4HZMFjHHw_Yy73K4JFUPhf11L6Mh9jpXd6gTFyQbdd7WcWUfvtG_9IMXzNUE65beaHIwuUV7jlDT1Zkv2AIaTFcxKpdzXx59ekEJkRWNdEQmf2ZbTlWAmQxe7Erf2biwd-dbcbK3tyd-4DiFuo2wXGRW6KU5FJWWvEqrCuI6lfol29v2wA4GW-ErsV1eSTeZecxkWWkWGT-eIWd9op6FGGTJfDhtungOv_UW9ULQhD9GiWE5ySWphN88lBuk_DhGfyMQJ4zb-7jizG2hbxXE3l7g1PBg1AGIE8KMVDF3zWjvsAr87QQ6I7JvSm61u0DPo60aMNhMhTRGIeWXtBQVEc1AIl5frGcVPI2m3fFkYhnZcgg2oqW78UExQL9p9E3SBsYg1Kyg8K&xkcb=SoB1-_M3UV7H3HxgzJ0LbzkdCdPP&p=8&fvj=0&vjs=3'})
백엔드 개발자(Python)의 전체 세부 정보,NHN DATA,('성남 판교역', {'https://kr.indeed.com/rc/clk?jk=e764b919165b8d3e&fccid=a72ebaf825acf7af&vjs=3'})
딥러닝 통한 인공지능 솔루션 신입/경력 개발자의 전체 세부 정보,엘세븐시큐리티,('서울 송파구', {'https://kr.indeed.com/rc/clk?jk=972c302b4b4cb1df&fccid=72880ee98034ba13&vjs=3'})
통계·SAS 신입의 전체 세부 정보,에넬엑스코리아 유한회사,('서울 중구', {'https://kr.indeed.com/rc/clk?jk=480348bb5469fc98&fccid=894b956e02cfcab7&vjs=3'})
Associate Consultant Intern의 전체 세부 정보,Mastercard,('서울', {'https://kr.indeed.com/rc/clk?jk=acf53a07a0c4d06f&fccid=10b5c722d846df43&vjs=3'})
[외국계 스타트업 미소] Business Analyst Intern (정규직 전환형)의 전체 세부 정보,유한회사 미소,('서울', {'https://kr.indeed.com/rc/clk?jk=4c25d6649f8434a8&fccid=02936474a8d39137&vjs=3'})
Infra Engineering의 전체 세부 정보,기아,('서울 서초구', {'https://kr.indeed.com/rc/clk?jk=361d42ddd7495b1d&fccid=4407ef3f1668028b&vjs=3'})
라인프렌즈 2022년 각 부문 수시의 전체 세부 정보,라인프렌즈,('서울 용산구', {'https://kr.indeed.com/rc/clk?jk=1015284880e2ff62&fccid=b6f22bcb6078a2c4&vjs=3'})
한국필립모리스 2022년 상반기 수시의 전체 세부 정보,한국필립모리스㈜,('서울 영등포구', {'https://kr.indeed.com/rc/clk?jk=44e9ac7f0f94e784&fccid=fb7e65f74b012d18&vjs=3'})
INTERN / AI Research Intern(Biology)의 전체 세부 정보,카카오브레인,('성남 분당구', {'https://kr.indeed.com/rc/clk?jk=4c8d6ffc493b6509&fccid=cba3dd38afc6edb8&vjs=3'})
[K디지털 트레이닝] 전액 국비지원 IT취업연계 교육 빅데이터  인공지능의 전체 세부 정보,중앙정보처리학원,('서울 마포구', {'https://kr.indeed.com/rc/clk?jk=8eb2784e62502c5f&fccid=2f25bb139639ef63&vjs=3'})
GAMMA Senior Data Scientist의 전체 세부 정보,Boston Consulting Group,('서울', {'https://kr.indeed.com/pagead/clk?mo=r&ad=-6NYlbfkN0DoP8nG612n6SaIo-6cBFZ4ajKscvbmOmjTSQxsFZrL9GCCvt0keq5zCI5jB2sD5HleHgBWmG_CeYZ0RY06NciXhMtmO1vztqC-dYFYE31O7jagrq4L6A2QNRRN3eyvnSKB6wObW4s8KKyHNsK5DlI2WdGsIFF09rb6VdKMajIhYNNeLHV8uQCtR9AcbYNeL5S_MmhXzRiTB9kXI64ZCrmxFp9P6RoX7YWWBBRdJGbpvupg1sEZQq3JnYPIiZVWJ7AwiTLN3YwNImNIdbpuNmZXANOGLjAq0Hs0HseKeCOHkbRK55cClDE-68qcNBzEknB4W4QoJ_c-cp59XX7zoPsed9rdQ-WiGy5hMQEXkHGcE3_GuNUWFFwwleMBj6HubgXr9KCE995aSaex34n-5GqGNPyV-9RbNjMNEVsmpzFR_QdEDbUkKRbcybT3w1-mDW91OZI1Egh5_oUEdjWxJxC9QUJ0BzMYJf7FmpQn37ahFhVAZFIY1zS0jDFwz2oomHqS19w2Vr23xuPAf73-K6jV9hC5ckHbPVxZiQ4QXdsFilYjBlrJWZkmH2fkcn5SHN0uyRTDjzG67v4GqueCVrauaFUwMyGGRTnCmcmAmB0Ln-yKrn78nbjStqC8uKF2YOKdM7mS3jKgw3YqHIxQJ5G4_Qmk_HnVX_T_QOEhegSXfMGYLA6p_zGGVtxWvcAo5aJxyuxvMq7gxLQNqkuTsp9ADD_TuE2rLgRr1oEdAXJe7zaVVGSOIsSyS6gwulBOhqV9LchacppCvtVxth_7sHi7y1lXWsKMhoZN0nWKU7Ioa7ffSZI7h7F8ViDnCQ8rJsKINmEvU9R39B4HJiP_Z8904mAjohw2dozUvKbs-XzOJyBNhv_11fO8umP5WsGRUf-1TgxFxYvV7x4RKJ-SapvmQDEySOKakrQ21veyXUd2f4-Oy-4pHGOVTbWyt3z2a8X-6QcLBhx70BLpJEa8k4iHC18YCWtVl4iuTLgKpJI_8sY-ZKof9_mJAUVOmuohbubPmAZ3hI8wRYcBE8-vh8JgAAQ36TIeJpd4r1AuTubiu-I7_6YCefyVPETWv5Ks8DAYFb3XlcJmhU1rREJu_5-ktFosz7Ii7whjqNo1GxvtWyaUGNZbffYo&xkcb=SoCS-_M3UV7HRi2TEB0PbzkdCdPP&p=4&fvj=0&vjs=3'})
[데브시스터즈] DevOps Engineer (신입)의 전체 세부 정보,데브시스터즈,('서울 강남구', {'https://kr.indeed.com/rc/clk?jk=3058f7280a2e6644&fccid=58a9a803698a0afd&vjs=3'})
KB저축은행 경력직의 전체 세부 정보,KB저축은행,('서울 송파구', {'https://kr.indeed.com/rc/clk?jk=e531b39ecff23e22&fccid=a638644439b34cff&vjs=3'})
[신입]백엔드 개발자의 전체 세부 정보,엘리스,('서울 강남구', {'https://kr.indeed.com/rc/clk?jk=6b5d1196de52155f&fccid=b00d4b329a5fe2ac&vjs=3'})
DigitalBCG | GAMMA Senior Data Scientist의 전체 세부 정보,Boston Consulting Group,('서울', {'https://kr.indeed.com/pagead/clk?mo=r&ad=-6NYlbfkN0DoP8nG612n6SaIo-6cBFZ4ajKscvbmOmjTSQxsFZrL9GCCvt0keq5zCI5jB2sD5HmOk6bBdE28lftUtaf23iDJrDAoI1nNE6KoHUWZH-mT8ohzioq5hLy-8sMiBMOXNZH7ubJJClH4kiMhYq5IoaCBGkVhxPMAp-2vfI2iWu-n3GGRlT8BiBWB4eOCfiUfpSM_999SGVj1g9wn9j9AM-Oh7Dr8K0qZqK3cSTFxy5SNEzLm38poGtM4X7AGCaAVFIvHxzTbM9dkaASqt1Dr_uoOotUEsS76HnQhh0Ybm9x8zPcM3S3Tqd92_gigxZF6OR3cbKtkHLw1mR6Mb_S844fawA39lNFM04Pf5ysYrUv7mPQanzXNkBourGZ17RGlGWkdc2lXJgjPhDfE_uZWYK7sXPwZyzSvoYYl1vXAwwT1z4pkbcVkqIg_39sDsdGDz7qtI9-kwhjkzSgw-kiLziWupR4QgpsFaZS5xqBILuntmb1oP_GRIE7J-SyOocboNy_e5-AoTiY-DImNjwCbKhVYdoCKn73st6mC9ky-9KXtodH2logDaTeJPUEdbF8vBM0HFHn0_82BMRdnEFZQryBE6TBl4zJkca1uYcRF7W3NNscSUJ-Kb2IIvAP4HmsURQIELGf4YtfhVwXQF5u-vp4UUoQrCRXZ7CeXgG1bM0dFL2nPqCM0eGGKD5bmga2yyV40M0pGq_Mi0ToBK1mBw5aZGA715_bm1ums8cauQF5hwJqCaQzG9JVOMmWo5Psx3yAHyA4jaC3NXLf19PUj1J4n_aJQnD44NpUhNjDvuxdWn0AuSqk-ZqR7Fi5mhm-bjKtSVkV1Gklhd_6FM6d6Q2sguBBMvE0vZK8h8UzzKjuwv7_fzAALz3oj710tyGQGAPbCwJN6TvxpgpepPDZulx8wldpu_0VOtAPnmmjqOCBofaqw2Y4wEflM_bcSoF8ia9ymNFjC-YjcR8PXfZqAFZvoT6QNkSFb72pqBwqFXdPbAbk0HP6U_kMdOLiJX3nZsX_T76vkMX5AV5xpq0UJgfPLIv8iNkajIxC2iGo8U2chqC7Z9JblII18IozqQPaeX89x4z6m_uPVJ8_xpdktYesLbC6nFiVK--X_XcT9RqSTVTk9gHv46WxMvsdG1Gu0L8GDREXB6hTuJRk_S4a2HbSO&xkcb=SoCo-_M3UV7HRtWTEB0LbzkdCdPP&p=8&fvj=0&vjs=3'})
그룹공동 마이데이터 분석 플랫폼(데이터분석가)의 전체 세부 정보,KB데이타시스템,('서울 마포구', {'https://kr.indeed.com/rc/clk?jk=25b3c3e6a66bd77c&fccid=fe227fbd2afb9580&vjs=3'})
백엔드 개발자(Python)의 전체 세부 정보,NHN DATA,('성남 판교역', {'https://kr.indeed.com/rc/clk?jk=e764b919165b8d3e&fccid=a72ebaf825acf7af&vjs=3'})
딥러닝 통한 인공지능 솔루션 신입/경력 개발자의 전체 세부 정보,엘세븐시큐리티,('서울 송파구', {'https://kr.indeed.com/rc/clk?jk=972c302b4b4cb1df&fccid=72880ee98034ba13&vjs=3'})
통계·SAS 신입의 전체 세부 정보,에넬엑스코리아 유한회사,('서울 중구', {'https://kr.indeed.com/rc/clk?jk=480348bb5469fc98&fccid=894b956e02cfcab7&vjs=3'})
Associate Consultant Intern의 전체 세부 정보,Mastercard,('서울', {'https://kr.indeed.com/rc/clk?jk=acf53a07a0c4d06f&fccid=10b5c722d846df43&vjs=3'})
[외국계 스타트업 미소] Business Analyst Intern (정규직 전환형)의 전체 세부 정보,유한회사 미소,('서울', {'https://kr.indeed.com/rc/clk?jk=4c25d6649f8434a8&fccid=02936474a8d39137&vjs=3'})
라인프렌즈 2022년 각 부문 수시의 전체 세부 정보,라인프렌즈,('서울 용산구', {'https://kr.indeed.com/rc/clk?jk=1015284880e2ff62&fccid=b6f22bcb6078a2c4&vjs=3'})
한국필립모리스 2022년 상반기 수시의 전체 세부 정보,한국필립모리스㈜,('서울 영등포구', {'https://kr.indeed.com/rc/clk?jk=44e9ac7f0f94e784&fccid=fb7e65f74b012d18&vjs=3'})
INTERN / AI Research Intern(Biology)의 전체 세부 정보,카카오브레인,('성남 분당구', {'https://kr.indeed.com/rc/clk?jk=4c8d6ffc493b6509&fccid=cba3dd38afc6edb8&vjs=3'})
GAMMA Data Scientist의 전체 세부 정보,Boston Consulting Group,('서울', {'https://kr.indeed.com/pagead/clk?mo=r&ad=-6NYlbfkN0DoP8nG612n6SaIo-6cBFZ4ajKscvbmOmjTSQxsFZrL9GCCvt0keq5zCI5jB2sD5HleHgBWmG_CeU5YPNtuZGq6nf1tu9vWeTR2Uttk2E1cyNtT2ClcMcJfuFQB78-tzcBZw3uT_TsdLwyBnh7w5ap8AYdxxu9Lhd5X1Ru_uWG-bZb9ZSkB_R_2RzfmaTwmdgTzc4GG2YncuDPPQ1EizY9DdMDaJIlY7l96k6D8j5Adzg02jEvJp-AL5p-IrWgJJRsfgr8_eTK2y-ZTF2VuphGzpRtCsmemlA8y7qsbdp6n6eKUvmYj94RalbVp500hoW6emaD1IJcnmq5UUYhQKbYax0ry0cDjcX4hQX4Ok4bnsmwlJuPXyr29XVozKTqk3p1IqkFATWmvWEXVX_V_5arOgb5yYLeZ1SHJh51prRrThDnG7k87pdxFM7I8H6RC4RFVz2GZy5ToYRQKYYoeBeKcugT53WYuZkwPlJVIS3GNxHzhkONldr0ghoDsPopCnb_61Nc1qR-npMzHG5I3Sih0LdWqP6hr7Taa_HzbMWGGhZm-sy5Em0UhtkLIZBvjI8Hvn7ntEw3pJyUHt7P_mWDVyxNozzGL-n6I3QPqOa8pt64xpPmCHzUt_17AIvgY4weVgLJs2dI_5IZdGVjKww2vfLdHcQdzzpveAAqYXM7uIJWMFfR1QeABF757JuKoeW-POQNzSAEwpZLgDx5GH1aE61OnIUyio-5IFt3iYYJ4peRO7TMPrECT9x_X7iBYVbfVSoDYJDFp3e_otqyblbrGNpor_3p8eMVDHvzN3qwwahRxdAdnNEhCWN1GKvh132mnIQggNphf_-8bQL9QnY1SC7HOZ7qluT0cXjVEMC7tfNAj1pbCjBKdAPdsAKS4P0DFiFlSdIgvr6Xq9yxTK2a4RHX88Dlypc0qrTR5pvrMYgNiDjkdXv1LVVh31rTBa1_z0r3hwhOnytzUE03q_hnEGj98zHDVHT-QV7NaThsh-S2UTWNVbpACg0hB2MTn9ab8mjzk5bJXeynPp9xzWw64dU727jeYxQJlHcZESxoNRtzbkyYgFux_KrQ8NSnDGAFH3eoFWNd1RNi1bGf2dlmHTrzhIM_KAi2VeEY0SVWXlg==&xkcb=SoAF-_M3UV7G762SMZ0PbzkdCdPP&p=3&fvj=0&vjs=3'})
[K디지털 트레이닝] 전액 국비지원 IT취업연계 교육 빅데이터  인공지능의 전체 세부 정보,중앙정보처리학원,('서울 마포구', {'https://kr.indeed.com/rc/clk?jk=8eb2784e62502c5f&fccid=2f25bb139639ef63&vjs=3'})
[데브시스터즈] DevOps Engineer (신입)의 전체 세부 정보,데브시스터즈,('서울 강남구', {'https://kr.indeed.com/rc/clk?jk=3058f7280a2e6644&fccid=58a9a803698a0afd&vjs=3'})
DigitalBCG | GAMMA Data Scientist의 전체 세부 정보,Boston Consulting Group,('서울', {'https://kr.indeed.com/pagead/clk?mo=r&ad=-6NYlbfkN0DoP8nG612n6SaIo-6cBFZ4ajKscvbmOmjTSQxsFZrL9GCCvt0keq5zCI5jB2sD5HmOk6bBdE28lafSRZ3oW4XfHh9oet2y1ZUbIMIgGJZh7FpuRanSlM7_gH3BFl86TQZGp6oddRsgupvzVDMutLMy8gyJnFZ0zBzpEL6yPzBdfFk_4vLUA60tovmw5Y1NST2WYgK2lCREl-RSjWAYRYNg5F87Td7WV-XznPogXWXM7QDFucMPWbMgHAVM2QN7aFkvvYwt2HIow4ydNtggE5HziHKv_bWjdyw_UEUBCTwwnGnEAdck43WUJFHulM2QJY8l_Oj5sxP0JPls5NsfKD5ANKVcwSf5EAmN2BhPmoX4vOstRC2nkeTjjXaN8xC7K_VJE9QiFuYCVmUdkKTjWIMokr6I-2RW9UAf5-rxBcn_s7Y168Zwo3euJTqGfD1lryStXcgW_27SzOFE_0DHuB5dd3th0IEEY3zxZSs3oCzbi_a93-e32KSwu11L5ZVSw4MkvJK4TSR2AwpciOcWLN4O-bqjZOKsWSv7BcCA2PcSYWKXF9FLUGcSJbIyO0OSX2tyvfz15NZ7-saF6djNmDPGiQig2GFmjdL47VWUcHVT_ode0o2ZATvmbSnV78Re3dWbutnNpUwwJm5kLZArzSGk-vUhO_njeU1inT6B0lSh1O5iMpxZBFS0nVoHXs7VQbo8lvAGFHYv_yR1HsHx7-LE6OWASIm95Um5cVGyx3nPvEAXqGPtPI3vTYdHuGK5agNTB3TyfP6Vd_IvaWnIL7WJO4CHugTHk5yLz4GtHv69CFeNLO8oNnhZBjUEQvDONgE87QBF9Qu0RFwnmNGkqIh1whPTXXg0E5rfj85-3BOugeyJWOeNT5g6_JMRshi3a2FZ0UacGrQl9YVziKt2yBjhSSqh4fC7p2nWthhkHjRjT1R8hXYZwtVQDQ19m5K133cAzS94VZACQtbL1GJqfQg0RKCWz2n76CnCJ8A9tXJ1n3eKIao8zxOt7iS71A2Mw0ieJf7t8Gl2av-ENKXnfWM8DsbZWPRhkMyALTRVm7ap1-iG5z2TsMyME1PNbIYePJI-Pwwp0FQaqvQGyPjqs2FPwgICheZysLchHuF96mmzZUQSkW9lB9FSKgzjGaQFs8FHFYGDgPiPrw==&xkcb=SoB5-_M3UV7G7lWSMZ0JbzkdCdPP&p=6&fvj=0&vjs=3'})
KB저축은행 경력직의 전체 세부 정보,KB저축은행,('서울 송파구', {'https://kr.indeed.com/rc/clk?jk=e531b39ecff23e22&fccid=a638644439b34cff&vjs=3'})
[신입]백엔드 개발자의 전체 세부 정보,엘리스,('서울 강남구', {'https://kr.indeed.com/rc/clk?jk=6b5d1196de52155f&fccid=b00d4b329a5fe2ac&vjs=3'})
그룹공동 마이데이터 분석 플랫폼(데이터분석가)의 전체 세부 정보,KB데이타시스템,('서울 마포구', {'https://kr.indeed.com/rc/clk?jk=25b3c3e6a66bd77c&fccid=fe227fbd2afb9580&vjs=3'})
백엔드 개발자(Python)의 전체 세부 정보,NHN DATA,('성남 판교역', {'https://kr.indeed.com/rc/clk?jk=e764b919165b8d3e&fccid=a72ebaf825acf7af&vjs=3'})
딥러닝 통한 인공지능 솔루션 신입/경력 개발자의 전체 세부 정보,엘세븐시큐리티,('서울 송파구', {'https://kr.indeed.com/rc/clk?jk=972c302b4b4cb1df&fccid=72880ee98034ba13&vjs=3'})
통계·SAS 신입의 전체 세부 정보,에넬엑스코리아 유한회사,('서울 중구', {'https://kr.indeed.com/rc/clk?jk=480348bb5469fc98&fccid=894b956e02cfcab7&vjs=3'})
Associate Consultant Intern의 전체 세부 정보,Mastercard,('서울', {'https://kr.indeed.com/rc/clk?jk=acf53a07a0c4d06f&fccid=10b5c722d846df43&vjs=3'})
[외국계 스타트업 미소] Business Analyst Intern (정규직 전환형)의 전체 세부 정보,유한회사 미소,('서울', {'https://kr.indeed.com/rc/clk?jk=4c25d6649f8434a8&fccid=02936474a8d39137&vjs=3'})
라인프렌즈 2022년 각 부문 수시의 전체 세부 정보,라인프렌즈,('서울 용산구', {'https://kr.indeed.com/rc/clk?jk=1015284880e2ff62&fccid=b6f22bcb6078a2c4&vjs=3'})
한국필립모리스 2022년 상반기 수시의 전체 세부 정보,한국필립모리스㈜,('서울 영등포구', {'https://kr.indeed.com/rc/clk?jk=44e9ac7f0f94e784&fccid=fb7e65f74b012d18&vjs=3'})
INTERN / AI Research Intern(Biology)의 전체 세부 정보,카카오브레인,('성남 분당구', {'https://kr.indeed.com/rc/clk?jk=4c8d6ffc493b6509&fccid=cba3dd38afc6edb8&vjs=3'})
[K디지털 트레이닝] 전액 국비지원 IT취업연계 교육 빅데이터  인공지능의 전체 세부 정보,중앙정보처리학원,('서울 마포구', {'https://kr.indeed.com/rc/clk?jk=8eb2784e62502c5f&fccid=2f25bb139639ef63&vjs=3'})
[데브시스터즈] DevOps Engineer (신입)의 전체 세부 정보,데브시스터즈,('서울 강남구', {'https://kr.indeed.com/rc/clk?jk=3058f7280a2e6644&fccid=58a9a803698a0afd&vjs=3'})
DigitalBCG | GAMMA Data Scientist의 전체 세부 정보,Boston Consulting Group,('서울', {'https://kr.indeed.com/pagead/clk?mo=r&ad=-6NYlbfkN0DoP8nG612n6SaIo-6cBFZ4ajKscvbmOmjTSQxsFZrL9GCCvt0keq5zCI5jB2sD5HmOk6bBdE28lafSRZ3oW4XfHh9oet2y1ZUbIMIgGJZh7FpuRanSlM7_gH3BFl86TQZGp6oddRsgupvzVDMutLMy8gyJnFZ0zBwcrVik_WBjDBjEyZKJt_fxXUB_7kIuFY7ftbMvmo__f7toe4PIpFiA4Nq4QjrMiDyZCQgJCqfJXeeyM2uoUhP8X-HCFEZNftEX63G4TJvNyyAhP7XWOB7hflG0CCmfb0j7pLDjQC2cRj-ht1YQfWmxxjT4S-xqEyYBZK79Aeig4vr8hPlftWkBj8Pfaemlc6lBjQZKc2C3AsFpxYPFTL171Z6iWeys4VZUFLF11v0Xar17ojAlAueCSAIVtsSwC_uF-p8toeyLawwTESDBbMyuqDu5CbYbh7yAr-tkOHiNzu5MoVps3oOvez87DUEg8QP5OK4vSj0dGKrw3nEGYW8qFMgVS7HzmcWnB-Hs0Yv7M4IopFv9k8cwjs9QO4Iy6KBUqJwbaQDGlhgEXHtCUrPWKkcdVTSdK2J1xA6iNsXyvuk3e8ZdHZGIhfjhoialF8rU-GGiDXLZROK1U6xTsdmXCYPgoaKxwurY-qsbFkMmSFel9Zgro6lhZEUQ4L1E1lvChaUuKHYxpJcH7vZJxiPS7N-1DGsWHP7Te_J5wbtS11rjYvw2tgwcBsUfZP4FHqBKjIPPBaJEfEt_azmojTfg0MAPn4-jTrcv7eMOmfdmNO4t4JCiHURWV4g7eZj-b2zpmlxbwKiYWdGiAxqBBrNsabyJGNOZsCo0kpS7uHQKdhtMklCnD8PyB3pa9fVNr8WjFN33c0LysugH9HXpPmhaZkp_uXUttNM_OC6-NwnmiQeMkArrq4D4GoBPbCd9V1ss65gh2lNarllBdVQ91u8AA9F1EjZZaDj_QBRUDPbkdutkohTuFdp7Iy_1cuYJiUhFY87cR9DahXIBC7xCPNf9dTXp0nOzY9tZcqVKvKr1VjHpJhOpcS4ZcW3jxQ-89fGe942y34FtrgjffaiYmk60RPAGXDkPlB2C-uRgAyG5MhbxOoG9v2oyijar3DkKnAmSuiy0RpahHM2RpKu-qHAI3thbuVH27ZQSFuN5b7cFFA==&xkcb=SoCk-_M3UV7GDU2cYZ0ObzkdCdPP&p=5&fvj=0&vjs=3'})
KB저축은행 경력직의 전체 세부 정보,KB저축은행,('서울 송파구', {'https://kr.indeed.com/rc/clk?jk=e531b39ecff23e22&fccid=a638644439b34cff&vjs=3'})
[신입]백엔드 개발자의 전체 세부 정보,엘리스,('서울 강남구', {'https://kr.indeed.com/rc/clk?jk=6b5d1196de52155f&fccid=b00d4b329a5fe2ac&vjs=3'})
그룹공동 마이데이터 분석 플랫폼(데이터분석가)의 전체 세부 정보,KB데이타시스템,('서울 마포구', {'https://kr.indeed.com/rc/clk?jk=25b3c3e6a66bd77c&fccid=fe227fbd2afb9580&vjs=3'})
백엔드 개발자(Python)의 전체 세부 정보,NHN DATA,('성남 판교역', {'https://kr.indeed.com/rc/clk?jk=e764b919165b8d3e&fccid=a72ebaf825acf7af&vjs=3'})
딥러닝 통한 인공지능 솔루션 신입/경력 개발자의 전체 세부 정보,엘세븐시큐리티,('서울 송파구', {'https://kr.indeed.com/rc/clk?jk=972c302b4b4cb1df&fccid=72880ee98034ba13&vjs=3'})
통계·SAS 신입의 전체 세부 정보,에넬엑스코리아 유한회사,('서울 중구', {'https://kr.indeed.com/rc/clk?jk=480348bb5469fc98&fccid=894b956e02cfcab7&vjs=3'})
Associate Consultant Intern의 전체 세부 정보,Mastercard,('서울', {'https://kr.indeed.com/rc/clk?jk=acf53a07a0c4d06f&fccid=10b5c722d846df43&vjs=3'})
[외국계 스타트업 미소] Business Analyst Intern (정규직 전환형)의 전체 세부 정보,유한회사 미소,('서울', {'https://kr.indeed.com/rc/clk?jk=4c25d6649f8434a8&fccid=02936474a8d39137&vjs=3'})
Infra Engineering의 전체 세부 정보,기아,('서울 서초구', {'https://kr.indeed.com/rc/clk?jk=361d42ddd7495b1d&fccid=4407ef3f1668028b&vjs=3'})
Full Stack Software Engineer (Python / Django / React),Trustworthy,('Anywhere in the World', {'https://weworkremotely.com//remote-jobs/trustworthy-full-stack-software-engineer-python-django-react-1'})
Python Developer,lemon.io,('Latin America Only/Europe Only/Canada Only', {'https://weworkremotely.com//remote-jobs/lemon-io-python-developer-3'})
Senior Open Source Developer & DevOps (Python  Django  React  AWS/OpenStack),OpenCraft,('Anywhere in the World', {'https://weworkremotely.com//remote-jobs/opencraft-senior-open-source-developer-devops-python-django-react-aws-openstack'})
Senior Python Engineer: Long-term job - 100% remote,Proxify AB,('Anywhere in the World', {'https://weworkremotely.com//remote-jobs/proxify-ab-senior-python-engineer-long-term-job-100-remote'})
(Senior) Python Full Stack Software Developer,Optimile,('Europe Only', {'https://weworkremotely.com//remote-jobs/optimile-senior-python-full-stack-software-developer'})
Senior Full-stack Engineer with Python,NannyML,('Anywhere in the World', {'https://weworkremotely.com//remote-jobs/nannyml-senior-full-stack-engineer-with-python'})
Python Engineer (Web Scraping),Shake,('Anywhere in the World', {'https://weworkremotely.com//remote-jobs/shake-python-engineer-web-scraping'})
Senior Software Engineer  Python,AssemblyAI (YC 17),('Anywhere in the World', {'https://weworkremotely.com//remote-jobs/assemblyai-yc-17-senior-software-engineer-python'})
Senior Python Developer - Full Remote ,Ebury,('Latin America Only/Europe Only', {'https://weworkremotely.com//remote-jobs/ebury-senior-python-developer-full-remote-1'})
Python Platform Engineer,Doximity,('Americas Only', {'https://weworkremotely.com//remote-jobs/doximity-python-platform-engineer'})
Développeur(e) de Python & Golang | Python & Golang Developer (Kubernetes),VEXXHOST  Inc.,('Anywhere in the World', {'https://weworkremotely.com//remote-jobs/vexxhost-inc-developpeur-e-de-python-golang-python-golang-developer-kubernetes'})

Quantitative Researcher Digital Assets Market Making
,
Keyrock ,('Worldwide', {'https://remoteok.com//remote-jobs/remote-quantitative-researcher-digital-assets-market-making-keyrock-178770'})

Crypto Quantitative Analyst Intern
,
Token Metrics ,('Worldwide', {'https://remoteok.com//remote-jobs/remote-crypto-quantitative-analyst-intern-token-metrics-177819'})

Backend Engineer
,
IEX ,('Worldwide', {'https://remoteok.com//remote-jobs/remote-backend-engineer-iex-177310'})

Data Engineer Intern
,
DeFiner ,('Worldwide', {'https://remoteok.com//remote-jobs/remote-data-engineer-intern-definer-177281'})

DevOps Engineer
,
Braintrust ,('Global', {'https://remoteok.com//remote-jobs/remote-devops-engineer-braintrust-176289'})

Observability Engineer DevOps Staked
,
Kraken ,('Remote Anywhere', {'https://remoteok.com//remote-jobs/remote-observability-engineer-devops-staked-kraken-175788'})

Rust Developer
,
Status SNT ,('Remote (Worldwide)', {'https://remoteok.com//remote-jobs/remote-rust-developer-status-snt-174772'})

Python Dev SpiffWorkFlow
,
Status SNT ,('Remote (Worldwide)', {'https://remoteok.com//remote-jobs/remote-python-dev-spiffworkflow-status-snt-174777'})

Senior Full Stack Developer
,
Enya ,('Worldwide', {'https://remoteok.com//remote-jobs/remote-senior-full-stack-developer-enya-174773'})

Senior Full Stack Developer
,
Commit ,('🇨🇦 Canada', {'https://remoteok.com//remote-jobs/remote-senior-full-stack-developer-commit-173970'})

Python Developer
,
lemon.io ,('🇪🇺 Europe', {'https://remoteok.com//remote-jobs/remote-python-developer-lemon-io-173836'})

DevOps Engineer Integrations
,
Braintrust ,('Global', {'https://remoteok.com//remote-jobs/remote-devops-engineer-integrations-braintrust-172811'})

Condor Software . Engineering Manager Direct Hire
,
Braintrust ,('Global', {'https://remoteok.com//remote-jobs/remote-condor-software-engineering-manager-direct-hire-braintrust-172817'})

Master Python Engineer
,
Braintrust ,('Global', {'https://remoteok.com//remote-jobs/remote-master-python-engineer-braintrust-172307'})

DevOps Engineer
,
Braintrust ,('Global', {'https://remoteok.com//remote-jobs/remote-devops-engineer-braintrust-172308'})

Sales Manager
,
Latoken ,('Remote Worldwide', {'https://remoteok.com//remote-jobs/remote-sales-manager-latoken-172310'})

Backend Python Developer
,
Braintrust ,('Global', {'https://remoteok.com//remote-jobs/remote-backend-python-developer-braintrust-171807'})

Senior Backend Engineer
,
TradeBlock ,('Worldwide', {'https://remoteok.com//remote-jobs/remote-senior-backend-engineer-tradeblock-171306'})

DevOps engineer
,
Latoken ,('Remote Worldwide', {'https://remoteok.com//remote-jobs/remote-devops-engineer-latoken-170337'})

Quantitative Strategist DeFi
,
Re7 ,('🇬🇧 United Kingdom', {'https://remoteok.com//remote-jobs/remote-quantitative-strategist-defi-re7-169368'})
